Residue Name 1,Residue ID 1,Atom Name 1,Chain 1,Residue Name 2,Residue ID 2,Atom Name 2,Chain 2,Distance (Ã…)
K,219,Carbon,A,E,157,OE1,D,3.531334161758423
K,219,Oxygen,A,E,157,OE1,D,3.2643094062805176
T,220,Nitrogen,A,E,157,OE1,D,3.450540065765381
T,220,Carbon Alpha,A,E,157,OE1,D,3.102874994277954
T,220,Carbon Beta,A,E,157,OE1,D,3.680442333221435
T,220,OG1,A,E,157,Carbon Delta,D,3.9095458984375
T,220,OG1,A,E,157,OE1,D,3.1786117553710938
R,226,CZ,A,D,404,OD2,D,3.9340569972991943
R,226,NH1,A,D,404,Carbon Gamma,D,3.83170747756958
R,226,NH1,A,D,404,OD2,D,2.835517644882202
E,227,Nitrogen,A,E,410,OE2,D,3.425579786300659
E,227,Carbon Beta,A,E,410,OE2,D,3.550891399383545
E,227,OE2,A,S,413,OG,D,3.4997496604919434
K,341,Carbon Epsilon,A,E,435,OE2,D,3.495533227920532
K,341,Nitrogen Zeta,A,E,435,Carbon Delta,D,3.5015194416046143
K,341,Nitrogen Zeta,A,E,435,OE2,D,2.520540714263916
R,345,Carbon Delta,A,Q,424,Carbon Gamma,D,3.858638048171997
R,345,CZ,A,D,427,Oxygen,D,3.990522623062134
R,345,CZ,A,E,432,OE1,D,3.183231830596924
R,345,CZ,A,E,432,OE2,D,3.982811689376831
R,345,NH1,A,A,428,Carbon Alpha,D,3.791494369506836
R,345,NH1,A,E,432,Carbon Delta,D,3.4327969551086426
R,345,NH1,A,E,432,OE1,D,2.9406044483184814
R,345,NH1,A,E,432,OE2,D,3.0830564498901367
R,345,NH2,A,D,427,Oxygen,D,3.4180665016174316
R,345,NH2,A,E,432,Carbon Delta,D,3.68648362159729
R,345,NH2,A,E,432,OE1,D,2.5960938930511475
H,346,Nitrogen,A,Q,424,NE2,D,3.75309157371521
H,346,Carbon Alpha,A,Q,424,NE2,D,3.6865930557250977
H,346,Carbon,A,Q,424,NE2,D,3.3857336044311523
H,346,Oxygen,A,Q,424,Carbon Delta,D,3.388826608657837
H,346,Oxygen,A,Q,424,NE2,D,2.543989419937134
H,346,Oxygen,A,Q,424,OE1,D,3.7983338832855225
H,346,Carbon Beta,A,S,420,Carbon,D,3.499443531036377
H,346,Carbon Beta,A,S,420,Oxygen,D,3.410116910934448
H,346,Carbon Beta,A,S,420,Carbon Beta,D,3.829286813735962
H,346,Carbon Beta,A,E,421,Nitrogen,D,3.673909902572632
H,346,Carbon Beta,A,E,421,Carbon Alpha,D,3.847575426101685
H,346,Carbon Beta,A,Q,424,NE2,D,3.4105453491210938
H,346,Carbon Gamma,A,S,420,Carbon,D,3.8493905067443848
H,346,Carbon Gamma,A,S,420,Carbon Beta,D,3.965458393096924
H,346,Carbon Gamma,A,E,421,Nitrogen,D,3.568864345550537
H,346,Carbon Gamma,A,E,421,Carbon Alpha,D,3.719958543777466
H,346,Carbon Gamma,A,E,421,Carbon Beta,D,3.947904109954834
H,346,CD2,A,D,417,Oxygen,D,3.530271530151367
H,346,CD2,A,S,420,Carbon Beta,D,3.647250652313232
H,346,ND1,A,E,421,Nitrogen,D,3.8860974311828618
H,346,ND1,A,E,421,Carbon Alpha,D,3.589257001876831
H,346,ND1,A,E,421,Carbon Beta,D,3.3639919757843018
H,346,ND1,A,E,421,Carbon Gamma,D,3.6362054347991943
H,346,CE1,A,D,417,Carbon Alpha,D,3.956867456436157
H,346,CE1,A,D,417,Carbon,D,3.9429850578308105
H,346,CE1,A,D,417,Oxygen,D,3.4120805263519287
H,346,CE1,A,D,417,Carbon Beta,D,3.735211133956909
H,346,NE2,A,D,417,Oxygen,D,3.883496046066284
H,346,NE2,A,E,421,Carbon Beta,D,3.700201988220215
H,346,NE2,A,E,421,OE2,D,3.9475367069244385
R,350,Oxygen,A,R,262,NH1,D,3.9950389862060542
R,350,Carbon Beta,A,R,262,CZ,D,3.7437167167663574
R,350,Carbon Beta,A,R,262,NH1,D,3.1459615230560303
R,350,Carbon Gamma,A,D,417,OD2,D,3.818906307220459
R,350,Carbon Delta,A,R,262,NH1,D,3.74470329284668
R,350,Carbon Delta,A,N,414,Carbon Gamma,D,3.8507401943206783
R,350,Carbon Delta,A,N,414,ND2,D,3.0935964584350586
R,350,Carbon Delta,A,D,417,Carbon Beta,D,3.8968968391418457
R,350,Carbon Delta,A,D,417,Carbon Gamma,D,3.898899793624878
R,350,Carbon Delta,A,D,417,OD2,D,3.0414419174194336
R,350,NE,A,N,414,Carbon Alpha,D,3.6392533779144287
R,350,NE,A,N,414,ND2,D,3.683680057525635
R,350,NE,A,D,417,Carbon Beta,D,3.953662633895874
R,350,NE,A,D,417,Carbon Gamma,D,3.503196477890014
R,350,NE,A,D,417,OD2,D,2.384157180786133
R,350,CZ,A,E,410,OE1,D,3.295635223388672
R,350,CZ,A,N,414,Nitrogen,D,3.584821939468384
R,350,CZ,A,N,414,Carbon Alpha,D,3.452380657196045
R,350,CZ,A,N,414,Carbon Beta,D,3.5854246616363525
R,350,CZ,A,N,414,Carbon Gamma,D,3.919397592544556
R,350,CZ,A,N,414,ND2,D,3.90309739112854
R,350,CZ,A,D,417,OD2,D,3.3830416202545166
R,350,NH1,A,E,410,Carbon Delta,D,3.7766573429107666
R,350,NH1,A,E,410,OE1,D,2.703336000442505
R,350,NH1,A,N,414,Carbon Alpha,D,3.7077600955963135
R,350,NH1,A,N,414,Carbon Beta,D,3.273923397064209
R,350,NH1,A,N,414,Carbon Gamma,D,3.4155540466308594
R,350,NH1,A,N,414,ND2,D,3.642087697982788
R,350,NH1,A,N,414,OD1,D,3.981294870376587
R,350,NH2,A,E,410,Oxygen,D,3.766601800918579
R,350,NH2,A,E,410,Carbon Delta,D,3.742799997329712
R,350,NH2,A,E,410,OE1,D,3.0995078086853027
R,350,NH2,A,S,413,Carbon,D,3.544787645339966
R,350,NH2,A,S,413,Carbon Beta,D,3.2955706119537354
R,350,NH2,A,S,413,OG,D,2.9126884937286377
R,350,NH2,A,N,414,Nitrogen,D,3.3094208240509033
R,350,NH2,A,N,414,Carbon Alpha,D,3.711780071258545
R,350,NH2,A,D,417,OD2,D,3.5945541858673096
D,351,OD1,A,R,262,Carbon Gamma,D,3.905896663665771
D,351,OD1,A,R,262,Carbon Delta,D,2.896976947784424
D,351,OD1,A,R,262,NE,D,3.879441022872925
R,356,NH2,A,E,410,Carbon Delta,D,3.994426727294922
R,356,NH2,A,E,410,OE1,D,3.4499144554138184
R,356,NH2,A,E,410,OE2,D,3.687226057052612
