ATP Residue Name,ATP Residue ID,ATP Atom Name,Binding Residue Name,Binding Residue ID,Binding Atom Name,Distance (Ã…)
ATP,1,PA,SER,95,N,4.909573078155518
ATP,1,PA,SER,95,CA,4.4162211418151855
ATP,1,PA,SER,95,C,4.68356990814209
ATP,1,PA,SER,95,O,4.978586196899414
ATP,1,PA,GLY,97,N,3.9980456829071045
ATP,1,PA,GLY,97,CA,3.841332197189331
ATP,1,PA,GLY,97,C,4.32696533203125
ATP,1,PA,LYS,98,N,4.385386943817139
ATP,1,PA,THR,99,N,4.386740684509277
ATP,1,PA,THR,99,CA,4.788733959197998
ATP,1,PA,THR,99,C,4.9340996742248535
ATP,1,PA,THR,99,CB,4.370549201965332
ATP,1,PA,THR,99,OG1,4.751919269561768
ATP,1,PA,HIS,100,N,4.168887138366699
ATP,1,PA,HIS,100,CA,4.997183322906494
ATP,1,PA,HIS,100,CB,4.541721343994141
ATP,1,PB,GLN,93,O,4.602586269378662
ATP,1,PB,THR,94,CA,4.681609153747559
ATP,1,PB,THR,94,C,4.47117280960083
ATP,1,PB,SER,95,N,3.502091884613037
ATP,1,PB,SER,95,CA,3.864276885986328
ATP,1,PB,SER,95,C,4.231494903564453
ATP,1,PB,SER,96,N,4.049252510070801
ATP,1,PB,SER,96,CA,4.973547458648682
ATP,1,PB,SER,96,C,4.841817855834961
ATP,1,PB,SER,96,OG,4.913135051727295
ATP,1,PB,GLY,97,N,3.7982492446899414
ATP,1,PB,GLY,97,CA,4.280690670013428
ATP,1,PB,GLY,97,C,4.319955825805664
ATP,1,PB,LYS,98,N,3.576777696609497
ATP,1,PB,LYS,98,CA,4.301446437835693
ATP,1,PB,LYS,98,C,4.70001220703125
ATP,1,PB,LYS,98,CB,4.098649024963379
ATP,1,PB,LYS,98,CG,4.554317474365234
ATP,1,PB,LYS,98,CE,4.462913513183594
ATP,1,PB,LYS,98,NZ,3.9319615364074707
ATP,1,PB,THR,99,N,4.028076171875
ATP,1,PB,THR,99,CA,4.975633144378662
ATP,1,PB,THR,99,CB,4.6633782386779785
ATP,1,PB,THR,99,OG1,4.251075744628906
ATP,1,PG,THR,94,CA,4.0358052253723145
ATP,1,PG,THR,94,C,4.559037208557129
ATP,1,PG,THR,94,CB,4.360025882720947
ATP,1,PG,THR,94,CG2,3.941626787185669
ATP,1,PG,THR,94,OG1,4.368506908416748
ATP,1,PG,SER,95,N,3.9564948081970215
ATP,1,PG,SER,95,CA,4.9754414558410645
ATP,1,PG,LYS,98,CE,4.500828266143799
ATP,1,PG,LYS,98,NZ,3.9291610717773438
ATP,1,PG,THR,99,OG1,4.612942695617676
ATP,1,PG,SER,209,N,4.538056373596191
ATP,1,PG,SER,209,CA,3.91159725189209
ATP,1,PG,SER,209,CB,3.949458599090576
ATP,1,C5',SER,95,N,4.781076908111572
ATP,1,C5',SER,95,CA,3.678771495819092
ATP,1,C5',SER,95,C,4.020256996154785
ATP,1,C5',SER,95,O,3.8267478942871094
ATP,1,C5',SER,95,CB,4.040603160858154
ATP,1,C5',SER,95,OG,4.30941915512085
ATP,1,C5',GLY,97,N,4.743654251098633
ATP,1,C5',GLY,97,CA,4.937496185302734
ATP,1,O5',SER,95,CA,4.198238849639893
ATP,1,O5',SER,95,C,4.269712448120117
ATP,1,O5',SER,95,O,4.183170795440674
ATP,1,O5',SER,95,CB,4.9621124267578125
ATP,1,O5',SER,96,N,4.950382232666016
ATP,1,O5',SER,96,C,4.977473258972168
ATP,1,O5',GLY,97,N,3.953613042831421
ATP,1,O5',GLY,97,CA,3.8386518955230713
ATP,1,O5',GLY,97,C,4.790306568145752
ATP,1,O5',HIS,100,N,4.959033012390137
ATP,1,O5',HIS,100,CB,4.511859893798828
ATP,1,C4',SER,95,CA,4.916667938232422
ATP,1,C4',SER,95,O,4.610754489898682
ATP,1,C4',SER,95,CB,4.963075637817383
ATP,1,O4',ARG,20,CD,4.318714618682861
ATP,1,O4',ARG,20,NE,4.7374420166015625
ATP,1,O4',SER,95,O,4.319370746612549
ATP,1,C2',HIS,100,CB,4.381330490112305
ATP,1,C2',HIS,100,CG,4.585600852966309
ATP,1,C2',HIS,100,ND1,4.506382942199707
ATP,1,O2',HIS,100,CB,4.788386821746826
ATP,1,O2',HIS,100,CG,4.659408092498779
ATP,1,O2',HIS,100,ND1,4.161675453186035
ATP,1,O2',HIS,100,CE1,4.901400089263916
ATP,1,C1',ARG,20,CD,4.947980880737305
ATP,1,C1',HIS,100,CB,4.910094738006592
ATP,1,C1',HIS,100,CG,4.94738245010376
ATP,1,N1,ARG,20,CA,4.89772367477417
ATP,1,N1,ARG,20,CB,4.643551349639893
ATP,1,N1,PRO,21,N,4.720560073852539
ATP,1,N1,PRO,21,CG,3.8979437351226807
ATP,1,N1,PRO,21,CD,3.365098237991333
ATP,1,N1,PRO,61,O,4.765237808227539
ATP,1,N1,HIS,100,CG,4.952370643615723
ATP,1,N1,HIS,100,CD2,4.185094833374023
ATP,1,N1,HIS,100,CE1,4.31803560256958
ATP,1,N1,HIS,100,NE2,3.742340087890625
ATP,1,O1A,GLY,97,N,3.957373857498169
ATP,1,O1A,GLY,97,CA,3.3015294075012207
ATP,1,O1A,GLY,97,C,3.42691969871521
ATP,1,O1A,GLY,97,O,3.9724392890930176
ATP,1,O1A,LYS,98,N,3.6602845191955566
ATP,1,O1A,LYS,98,CA,4.489412307739258
ATP,1,O1A,LYS,98,C,4.1222405433654785
ATP,1,O1A,LYS,98,O,4.916245937347412
ATP,1,O1A,THR,99,N,3.361477851867676
ATP,1,O1A,THR,99,CA,3.7000465393066406
ATP,1,O1A,THR,99,C,3.608135223388672
ATP,1,O1A,THR,99,O,4.758215427398682
ATP,1,O1A,THR,99,CB,3.6550116539001465
ATP,1,O1A,THR,99,CG2,4.824012756347656
ATP,1,O1A,THR,99,OG1,4.344714641571045
ATP,1,O1A,HIS,100,N,2.731306314468384
ATP,1,O1A,HIS,100,CA,3.5990827083587646
ATP,1,O1A,HIS,100,C,4.8523454666137695
ATP,1,O1A,HIS,100,CB,3.3217146396636963
ATP,1,O1A,HIS,100,CG,4.7370686531066895
ATP,1,O1A,THR,101,N,4.99301815032959
ATP,1,O1B,GLN,93,C,4.434930324554443
ATP,1,O1B,GLN,93,O,3.3919389247894287
ATP,1,O1B,THR,94,N,4.792657852172852
ATP,1,O1B,THR,94,CA,4.258022308349609
ATP,1,O1B,THR,94,C,4.087023735046387
ATP,1,O1B,THR,94,O,4.943298816680908
ATP,1,O1B,SER,95,N,3.4398722648620605
ATP,1,O1B,SER,95,CA,3.9136626720428467
ATP,1,O1B,SER,95,C,3.8727340698242188
ATP,1,O1B,SER,95,O,4.860437393188477
ATP,1,O1B,SER,96,N,3.2424466609954834
ATP,1,O1B,SER,96,CA,3.9696238040924072
ATP,1,O1B,SER,96,C,3.9696877002716064
ATP,1,O1B,SER,96,CB,4.303592205047607
ATP,1,O1B,SER,96,OG,3.479640483856201
ATP,1,O1B,GLY,97,N,3.1775705814361572
ATP,1,O1B,GLY,97,CA,3.9606270790100098
ATP,1,O1B,GLY,97,C,3.9469645023345947
ATP,1,O1B,LYS,98,N,3.044373035430908
ATP,1,O1B,LYS,98,CA,3.8368120193481445
ATP,1,O1B,LYS,98,C,4.699018955230713
ATP,1,O1B,LYS,98,CB,3.4961984157562256
ATP,1,O1B,LYS,98,CG,3.4948160648345947
ATP,1,O1B,LYS,98,CD,4.157170295715332
ATP,1,O1B,LYS,98,CE,3.715618371963501
ATP,1,O1B,LYS,98,NZ,3.028961420059204
ATP,1,O1B,THR,99,N,4.422489643096924
ATP,1,O1G,GLN,93,C,4.677764892578125
ATP,1,O1G,GLN,93,O,4.4568586349487305
ATP,1,O1G,THR,94,N,4.241364479064941
ATP,1,O1G,THR,94,CA,3.5062777996063232
ATP,1,O1G,THR,94,C,4.405177116394043
ATP,1,O1G,THR,94,CB,4.004763126373291
ATP,1,O1G,THR,94,CG2,4.115760326385498
ATP,1,O1G,THR,94,OG1,3.7307071685791016
ATP,1,O1G,SER,95,N,4.179495811462402
ATP,1,O1G,LYS,98,CD,4.751744270324707
ATP,1,O1G,LYS,98,CE,3.3226332664489746
ATP,1,O1G,LYS,98,NZ,2.6715259552001953
ATP,1,O1G,SER,209,N,4.844049453735352
ATP,1,O1G,SER,209,CA,3.8543641567230225
ATP,1,O1G,SER,209,C,4.600931167602539
ATP,1,O1G,SER,209,O,4.319674491882324
ATP,1,O1G,SER,209,CB,4.0290021896362305
ATP,1,O1G,LEU,239,O,4.672677516937256
ATP,1,O1G,ALA,240,C,4.70697021484375
ATP,1,O1G,GLY,241,N,4.104060649871826
ATP,1,O1G,GLY,241,CA,4.300431251525879
ATP,1,C2,PRO,21,CG,4.126481056213379
ATP,1,C2,PRO,21,CD,3.8487894535064697
ATP,1,C2,HIS,100,CD2,4.6977386474609375
ATP,1,C2,HIS,100,ND1,4.94862699508667
ATP,1,C2,HIS,100,CE1,4.382131099700928
ATP,1,C2,HIS,100,NE2,4.205478668212891
ATP,1,O2A,SER,95,CA,4.916814804077148
ATP,1,O2A,THR,99,N,4.9698805809021
ATP,1,O2A,THR,99,CB,4.191092491149902
ATP,1,O2A,THR,99,OG1,4.467963695526123
ATP,1,O2A,HIS,100,N,4.815493583679199
ATP,1,O2B,SER,95,N,4.957791805267334
ATP,1,O2B,GLY,97,N,4.588516712188721
ATP,1,O2B,GLY,97,CA,4.63861608505249
ATP,1,O2B,GLY,97,C,4.2572808265686035
ATP,1,O2B,LYS,98,N,3.437425374984741
ATP,1,O2B,LYS,98,CA,3.735774517059326
ATP,1,O2B,LYS,98,C,3.709132194519043
ATP,1,O2B,LYS,98,O,4.883250713348389
ATP,1,O2B,LYS,98,CB,3.5649633407592773
ATP,1,O2B,LYS,98,CG,4.4846343994140625
ATP,1,O2B,LYS,98,CE,4.437991619110107
ATP,1,O2B,LYS,98,NZ,4.392976760864258
ATP,1,O2B,THR,99,N,2.7961575984954834
ATP,1,O2B,THR,99,CA,3.5994713306427
ATP,1,O2B,THR,99,C,4.6228437423706055
ATP,1,O2B,THR,99,CB,3.25048828125
ATP,1,O2B,THR,99,CG2,4.687198162078857
ATP,1,O2B,THR,99,OG1,2.7954185009002686
ATP,1,O2B,HIS,100,N,4.555535793304443
ATP,1,O2B,ASP,238,CG,4.980947494506836
ATP,1,O2B,ASP,238,OD1,4.630081653594971
ATP,1,O2B,ASP,238,OD2,4.422020435333252
ATP,1,O2G,LYS,98,CE,4.7823805809021
ATP,1,O2G,LYS,98,NZ,4.656327247619629
ATP,1,O2G,THR,99,N,4.998866081237793
ATP,1,O2G,THR,99,CB,4.393190860748291
ATP,1,O2G,THR,99,OG1,3.2961761951446533
ATP,1,O2G,SER,208,C,4.6585588455200195
ATP,1,O2G,SER,208,O,4.656895160675049
ATP,1,O2G,SER,208,OG,4.4691996574401855
ATP,1,O2G,SER,209,N,4.4500956535339355
ATP,1,O2G,SER,209,CA,4.222549915313721
ATP,1,O2G,SER,209,CB,4.670263767242432
ATP,1,O2G,ASP,238,OD2,4.77491569519043
ATP,1,N3,PRO,21,CG,4.952391624450684
ATP,1,N3,PRO,21,CD,4.498599052429199
ATP,1,N3,HIS,100,CG,4.7516961097717285
ATP,1,N3,HIS,100,CD2,4.645593166351318
ATP,1,N3,HIS,100,ND1,4.593567371368408
ATP,1,N3,HIS,100,CE1,4.388197898864746
ATP,1,N3,HIS,100,NE2,4.423489093780518
ATP,1,O3A,THR,94,C,4.7487664222717285
ATP,1,O3A,SER,95,N,3.554117202758789
ATP,1,O3A,SER,95,CA,3.2842459678649902
ATP,1,O3A,SER,95,C,3.5366475582122803
ATP,1,O3A,SER,95,O,4.142346382141113
ATP,1,O3A,SER,95,CB,4.583102703094482
ATP,1,O3A,SER,95,OG,4.935101509094238
ATP,1,O3A,SER,96,N,3.7378125190734863
ATP,1,O3A,SER,96,CA,4.618361473083496
ATP,1,O3A,SER,96,C,4.313329696655273
ATP,1,O3A,GLY,97,N,3.1893482208251953
ATP,1,O3A,GLY,97,CA,3.5663535594940186
ATP,1,O3A,GLY,97,C,4.072134971618652
ATP,1,O3A,LYS,98,N,3.8176660537719727
ATP,1,O3A,LYS,98,CA,4.885707855224609
ATP,1,O3A,THR,99,N,4.500598430633545
ATP,1,O3A,THR,99,CB,4.991514682769775
ATP,1,O3A,THR,99,OG1,4.986952304840088
ATP,1,O3B,GLN,93,O,4.680692195892334
ATP,1,O3B,THR,94,N,4.969705581665039
ATP,1,O3B,THR,94,CA,3.8195202350616455
ATP,1,O3B,THR,94,C,3.8045685291290283
ATP,1,O3B,THR,94,O,4.963647842407227
ATP,1,O3B,THR,94,CB,4.502232551574707
ATP,1,O3B,THR,94,CG2,4.0909423828125
ATP,1,O3B,THR,94,OG1,4.957855701446533
ATP,1,O3B,SER,95,N,2.873246908187866
ATP,1,O3B,SER,95,CA,3.6087942123413086
ATP,1,O3B,SER,95,C,4.488747596740723
ATP,1,O3B,SER,95,CB,4.77949857711792
ATP,1,O3B,SER,95,OG,4.650710105895996
ATP,1,O3B,SER,96,N,4.521828651428223
ATP,1,O3B,LYS,98,CE,4.803945064544678
ATP,1,O3B,LYS,98,NZ,4.046629905700684
ATP,1,O3B,THR,99,OG1,4.758627891540527
ATP,1,O3G,THR,94,CA,4.052663326263428
ATP,1,O3G,THR,94,C,4.5753092765808105
ATP,1,O3G,THR,94,CB,3.858553647994995
ATP,1,O3G,THR,94,CG2,3.02241587638855
ATP,1,O3G,THR,94,OG1,3.902714490890503
ATP,1,O3G,SER,95,N,4.05415153503418
ATP,1,O3G,SER,208,C,4.7587995529174805
ATP,1,O3G,SER,208,OG,4.620122909545898
ATP,1,O3G,SER,209,N,3.877629518508911
ATP,1,O3G,SER,209,CA,3.338418960571289
ATP,1,O3G,SER,209,C,4.674350738525391
ATP,1,O3G,SER,209,O,4.953314304351807
ATP,1,O3G,SER,209,CB,2.9299914836883545
ATP,1,O3G,SER,209,OG,4.184915065765381
ATP,1,C4,ARG,20,CB,4.428462505340576
ATP,1,C4,ARG,20,CD,4.668903350830078
ATP,1,C4,PRO,21,CD,4.694074630737305
ATP,1,C4,HIS,100,CB,4.590950965881348
ATP,1,C4,HIS,100,CG,4.031688213348389
ATP,1,C4,HIS,100,CD2,3.9993155002593994
ATP,1,C4,HIS,100,ND1,4.227169990539551
ATP,1,C4,HIS,100,CE1,4.301865100860596
ATP,1,C4,HIS,100,NE2,4.181217670440674
ATP,1,C5,ARG,20,CA,4.543345928192139
ATP,1,C5,ARG,20,CB,3.6352224349975586
ATP,1,C5,ARG,20,CG,4.7221245765686035
ATP,1,C5,ARG,20,CD,4.487605571746826
ATP,1,C5,PRO,21,CD,4.30979061126709
ATP,1,C5,GLY,97,CA,4.852782726287842
ATP,1,C5,HIS,100,CB,4.303264141082764
ATP,1,C5,HIS,100,CG,3.7129926681518555
ATP,1,C5,HIS,100,CD2,3.2927510738372803
ATP,1,C5,HIS,100,ND1,4.261922836303711
ATP,1,C5,HIS,100,CE1,4.217904567718506
ATP,1,C5,HIS,100,NE2,3.6727561950683594
ATP,1,C6,ARG,18,CZ,4.99627161026001
ATP,1,C6,ARG,18,NH2,4.701591491699219
ATP,1,C6,ARG,20,CA,4.226902961730957
ATP,1,C6,ARG,20,CB,3.8071682453155518
ATP,1,C6,PRO,21,N,4.731112480163574
ATP,1,C6,PRO,21,CG,4.573269367218018
ATP,1,C6,PRO,21,CD,3.6101572513580322
ATP,1,C6,HIS,100,CG,4.275730133056641
ATP,1,C6,HIS,100,CD2,3.43634033203125
ATP,1,C6,HIS,100,ND1,4.694699287414551
ATP,1,C6,HIS,100,CE1,4.2313432693481445
ATP,1,C6,HIS,100,NE2,3.429293394088745
ATP,1,N6,ARG,18,CD,4.852981090545654
ATP,1,N6,ARG,18,NE,3.9167637825012207
ATP,1,N6,ARG,18,CZ,3.9317684173583984
ATP,1,N6,ARG,18,NH1,4.712291240692139
ATP,1,N6,ARG,18,NH2,3.7492806911468506
ATP,1,N6,PHE,19,O,4.526494979858398
ATP,1,N6,ARG,20,N,4.728374481201172
ATP,1,N6,ARG,20,CA,3.8534162044525146
ATP,1,N6,ARG,20,C,4.871735095977783
ATP,1,N6,ARG,20,CB,3.7835636138916016
ATP,1,N6,PRO,21,N,4.807482719421387
ATP,1,N6,PRO,21,CG,4.931799411773682
ATP,1,N6,PRO,21,CD,3.8560290336608887
ATP,1,N6,PRO,61,O,4.575224876403809
ATP,1,N6,HIS,100,CG,4.692469120025635
ATP,1,N6,HIS,100,CD2,3.578254461288452
ATP,1,N6,HIS,100,CE1,4.777376174926758
ATP,1,N6,HIS,100,NE2,3.681727647781372
ATP,1,N7,ARG,20,CA,4.683670520782471
ATP,1,N7,ARG,20,CB,3.538538932800293
ATP,1,N7,ARG,20,CG,4.400540828704834
ATP,1,N7,ARG,20,CD,4.047756671905518
ATP,1,N7,SER,96,C,4.739245414733887
ATP,1,N7,SER,96,O,4.435859203338623
ATP,1,N7,GLY,97,N,4.3747100830078125
ATP,1,N7,GLY,97,CA,3.500370979309082
ATP,1,N7,GLY,97,C,4.570159435272217
ATP,1,N7,GLY,97,O,4.5423383712768555
ATP,1,N7,HIS,100,CB,3.679140329360962
ATP,1,N7,HIS,100,CG,3.5612971782684326
ATP,1,N7,HIS,100,CD2,3.3519697189331055
ATP,1,N7,HIS,100,ND1,4.452315330505371
ATP,1,N7,HIS,100,CE1,4.740987777709961
ATP,1,N7,HIS,100,NE2,4.184042453765869
ATP,1,C8,ARG,20,CB,4.238094329833984
ATP,1,C8,ARG,20,CG,4.731404781341553
ATP,1,C8,ARG,20,CD,3.9416017532348633
ATP,1,C8,SER,95,O,4.934065341949463
ATP,1,C8,SER,96,C,4.686741352081299
ATP,1,C8,SER,96,O,4.716826915740967
ATP,1,C8,GLY,97,N,4.129089832305908
ATP,1,C8,GLY,97,CA,3.4326913356781006
ATP,1,C8,GLY,97,C,4.646709442138672
ATP,1,C8,GLY,97,O,4.869279861450195
ATP,1,C8,HIS,100,CB,3.5914227962493896
ATP,1,C8,HIS,100,CG,3.770481586456299
ATP,1,C8,HIS,100,CD2,4.023295879364014
ATP,1,C8,HIS,100,ND1,4.510419845581055
ATP,1,C8,HIS,100,NE2,4.844325065612793
ATP,1,N9,ARG,20,CB,4.744231224060059
ATP,1,N9,ARG,20,CD,4.351861476898193
ATP,1,N9,GLY,97,CA,4.771018981933594
ATP,1,N9,HIS,100,CB,4.193589210510254
ATP,1,N9,HIS,100,CG,4.067995548248291
ATP,1,N9,HIS,100,CD2,4.394132137298584
ATP,1,N9,HIS,100,ND1,4.394535541534424
ATP,1,N9,HIS,100,CE1,4.850045680999756
ATP,1,N9,HIS,100,NE2,4.8699951171875
ATP,1,PA,SER,95,N,4.758835792541504
ATP,1,PA,SER,95,CA,4.221360206604004
ATP,1,PA,SER,95,C,4.488076686859131
ATP,1,PA,SER,95,O,4.767858028411865
ATP,1,PA,SER,96,N,4.928988933563232
ATP,1,PA,GLY,97,N,3.9268813133239746
ATP,1,PA,GLY,97,CA,3.8315978050231934
ATP,1,PA,GLY,97,C,4.390467643737793
ATP,1,PA,LYS,98,N,4.474792003631592
ATP,1,PA,THR,99,N,4.597920894622803
ATP,1,PA,THR,99,CB,4.617415904998779
ATP,1,PA,THR,99,OG1,4.97690486907959
ATP,1,PA,HIS,100,N,4.381994724273682
ATP,1,PA,HIS,100,CB,4.6562395095825195
ATP,1,PB,GLN,93,O,4.458512783050537
ATP,1,PB,THR,94,CA,4.545044422149658
ATP,1,PB,THR,94,C,4.2882890701293945
ATP,1,PB,SER,95,N,3.3169713020324707
ATP,1,PB,SER,95,CA,3.6669509410858154
ATP,1,PB,SER,95,C,4.0333638191223145
ATP,1,PB,SER,95,O,4.94239616394043
ATP,1,PB,SER,96,N,3.863027811050415
ATP,1,PB,SER,96,CA,4.808619976043701
ATP,1,PB,SER,96,C,4.715848922729492
ATP,1,PB,SER,96,OG,4.810379981994629
ATP,1,PB,GLY,97,N,3.712029218673706
ATP,1,PB,GLY,97,CA,4.2562103271484375
ATP,1,PB,GLY,97,C,4.359439373016357
ATP,1,PB,LYS,98,N,3.6455745697021484
ATP,1,PB,LYS,98,CA,4.425580024719238
ATP,1,PB,LYS,98,C,4.86496114730835
ATP,1,PB,LYS,98,CB,4.235686302185059
ATP,1,PB,LYS,98,CG,4.615107536315918
ATP,1,PB,LYS,98,CE,4.523346424102783
ATP,1,PB,LYS,98,NZ,3.9145586490631104
ATP,1,PB,THR,99,N,4.216582775115967
ATP,1,PB,THR,99,CB,4.870206832885742
ATP,1,PB,THR,99,OG1,4.468094825744629
ATP,1,PG,THR,94,N,4.951836109161377
ATP,1,PG,THR,94,CA,3.847912549972534
ATP,1,PG,THR,94,C,4.36240816116333
ATP,1,PG,THR,94,CB,4.176069259643555
ATP,1,PG,THR,94,CG2,3.7604804039001465
ATP,1,PG,THR,94,OG1,4.231096267700195
ATP,1,PG,SER,95,N,3.775533437728882
ATP,1,PG,SER,95,CA,4.808262825012207
ATP,1,PG,LYS,98,CE,4.5289692878723145
ATP,1,PG,LYS,98,NZ,3.8930716514587402
ATP,1,PG,THR,99,OG1,4.789025783538818
ATP,1,PG,SER,209,N,4.627241134643555
ATP,1,PG,SER,209,CA,3.966437578201294
ATP,1,PG,SER,209,CB,3.8974084854125977
ATP,1,C5',SER,95,N,4.739098072052002
ATP,1,C5',SER,95,CA,3.5918586254119873
ATP,1,C5',SER,95,C,3.920837163925171
ATP,1,C5',SER,95,O,3.6800620555877686
ATP,1,C5',SER,95,CB,3.8716824054718018
ATP,1,C5',SER,95,OG,4.178821563720703
ATP,1,C5',SER,96,N,4.958892345428467
ATP,1,C5',GLY,97,N,4.788947105407715
ATP,1,O5',SER,95,CA,4.058231353759766
ATP,1,O5',SER,95,C,4.114867210388184
ATP,1,O5',SER,95,O,3.9915106296539307
ATP,1,O5',SER,95,CB,4.7737836837768555
ATP,1,O5',SER,96,N,4.843585014343262
ATP,1,O5',SER,96,C,4.917552947998047
ATP,1,O5',GLY,97,N,3.940181016921997
ATP,1,O5',GLY,97,CA,3.8886876106262207
ATP,1,O5',GLY,97,C,4.8944549560546875
ATP,1,O5',HIS,100,CB,4.688177585601807
ATP,1,C4',SER,95,CA,4.860305309295654
ATP,1,C4',SER,95,O,4.499660015106201
ATP,1,C4',SER,95,CB,4.8303046226501465
ATP,1,O4',ARG,20,CD,4.177868366241455
ATP,1,O4',ARG,20,NE,4.5847625732421875
ATP,1,O4',SER,95,O,4.232533931732178
ATP,1,C2',HIS,100,CB,4.583865165710449
ATP,1,C2',HIS,100,CG,4.7639875411987305
ATP,1,C2',HIS,100,ND1,4.707178592681885
ATP,1,O2',HIS,100,CB,4.966192722320557
ATP,1,O2',HIS,100,CG,4.823957443237305
ATP,1,O2',HIS,100,ND1,4.36407995223999
ATP,1,C1',ARG,20,CD,4.800171852111816
ATP,1,N1,ARG,20,CA,4.776695728302002
ATP,1,N1,ARG,20,CB,4.541146755218506
ATP,1,N1,PRO,21,N,4.51915979385376
ATP,1,N1,PRO,21,CB,4.95380973815918
ATP,1,N1,PRO,21,CG,3.676149845123291
ATP,1,N1,PRO,21,CD,3.1531357765197754
ATP,1,N1,PRO,61,O,4.6666717529296875
ATP,1,N1,HIS,100,CD2,4.405028343200684
ATP,1,N1,HIS,100,CE1,4.560050964355469
ATP,1,N1,HIS,100,NE2,3.9788434505462646
ATP,1,O1A,GLY,97,N,3.821422576904297
ATP,1,O1A,GLY,97,CA,3.2133073806762695
ATP,1,O1A,GLY,97,C,3.4369895458221436
ATP,1,O1A,GLY,97,O,4.032919883728027
ATP,1,O1A,LYS,98,N,3.6990370750427246
ATP,1,O1A,LYS,98,CA,4.597135543823242
ATP,1,O1A,LYS,98,C,4.301091194152832
ATP,1,O1A,THR,99,N,3.566437244415283
ATP,1,O1A,THR,99,CA,3.9404444694519043
ATP,1,O1A,THR,99,C,3.8576338291168213
ATP,1,O1A,THR,99,CB,3.885375499725342
ATP,1,O1A,THR,99,OG1,4.53707218170166
ATP,1,O1A,HIS,100,N,2.958035707473755
ATP,1,O1A,HIS,100,CA,3.768388032913208
ATP,1,O1A,HIS,100,CB,3.3962528705596924
ATP,1,O1A,HIS,100,CG,4.782850742340088
ATP,1,O1B,GLN,93,C,4.282424449920654
ATP,1,O1B,GLN,93,O,3.233333110809326
ATP,1,O1B,THR,94,N,4.659208297729492
ATP,1,O1B,THR,94,CA,4.119480133056641
ATP,1,O1B,THR,94,C,3.898176431655884
ATP,1,O1B,THR,94,O,4.73223352432251
ATP,1,O1B,SER,95,N,3.268472909927368
ATP,1,O1B,SER,95,CA,3.7354795932769775
ATP,1,O1B,SER,95,C,3.680861711502075
ATP,1,O1B,SER,95,O,4.686923503875732
ATP,1,O1B,SER,96,N,3.045060157775879
ATP,1,O1B,SER,96,CA,3.8015027046203613
ATP,1,O1B,SER,96,C,3.8607373237609863
ATP,1,O1B,SER,96,O,4.999711513519287
ATP,1,O1B,SER,96,CB,4.160312652587891
ATP,1,O1B,SER,96,OG,3.3809945583343506
ATP,1,O1B,GLY,97,N,3.1259427070617676
ATP,1,O1B,GLY,97,CA,3.979222536087036
ATP,1,O1B,GLY,97,C,4.040228843688965
ATP,1,O1B,LYS,98,N,3.1844372749328613
ATP,1,O1B,LYS,98,CA,4.027828216552734
ATP,1,O1B,LYS,98,C,4.905166149139404
ATP,1,O1B,LYS,98,CB,3.706908702850342
ATP,1,O1B,LYS,98,CG,3.6283910274505615
ATP,1,O1B,LYS,98,CD,4.272789478302002
ATP,1,O1B,LYS,98,CE,3.8223352432250977
ATP,1,O1B,LYS,98,NZ,3.0420305728912354
ATP,1,O1B,THR,99,N,4.633133411407471
ATP,1,O1G,GLN,93,C,4.487937927246094
ATP,1,O1G,GLN,93,O,4.282949924468994
ATP,1,O1G,THR,94,N,4.038575172424316
ATP,1,O1G,THR,94,CA,3.28804349899292
ATP,1,O1G,THR,94,C,4.199312686920166
ATP,1,O1G,THR,94,CB,3.796727418899536
ATP,1,O1G,THR,94,CG2,3.93345046043396
ATP,1,O1G,THR,94,OG1,3.562239408493042
ATP,1,O1G,SER,95,N,4.012003421783447
ATP,1,O1G,LYS,98,CD,4.815401554107666
ATP,1,O1G,LYS,98,CE,3.402308225631714
ATP,1,O1G,LYS,98,NZ,2.6624860763549805
ATP,1,O1G,SER,209,N,4.925483226776123
ATP,1,O1G,SER,209,CA,3.9095957279205322
ATP,1,O1G,SER,209,C,4.653193950653076
ATP,1,O1G,SER,209,O,4.349333763122559
ATP,1,O1G,SER,209,CB,3.969858169555664
ATP,1,O1G,LEU,239,O,4.853469371795654
ATP,1,O1G,ALA,240,C,4.759891986846924
ATP,1,O1G,GLY,241,N,4.098005294799805
ATP,1,O1G,GLY,241,CA,4.217757701873779
ATP,1,C2,PRO,21,CB,4.978943347930908
ATP,1,C2,PRO,21,CG,3.927530288696289
ATP,1,C2,PRO,21,CD,3.6680617332458496
ATP,1,C2,HIS,100,CD2,4.9033002853393555
ATP,1,C2,HIS,100,CE1,4.642335891723633
ATP,1,C2,HIS,100,NE2,4.430140018463135
ATP,1,O2A,SER,95,CA,4.729583263397217
ATP,1,O2A,THR,99,CB,4.4224114418029785
ATP,1,O2A,THR,99,OG1,4.6859965324401855
ATP,1,O2A,HIS,100,N,4.981409549713135
ATP,1,O2B,SER,95,N,4.7525715827941895
ATP,1,O2B,GLY,97,N,4.468293190002441
ATP,1,O2B,GLY,97,CA,4.573094367980957
ATP,1,O2B,GLY,97,C,4.25492525100708
ATP,1,O2B,LYS,98,N,3.443854808807373
ATP,1,O2B,LYS,98,CA,3.820641040802002
ATP,1,O2B,LYS,98,C,3.8608384132385254
ATP,1,O2B,LYS,98,CB,3.6543915271759033
ATP,1,O2B,LYS,98,CG,4.496105670928955
ATP,1,O2B,LYS,98,CE,4.43801212310791
ATP,1,O2B,LYS,98,NZ,4.311841011047363
ATP,1,O2B,THR,99,N,2.977505922317505
ATP,1,O2B,THR,99,CA,3.802217483520508
ATP,1,O2B,THR,99,C,4.790879249572754
ATP,1,O2B,THR,99,CB,3.451425075531006
ATP,1,O2B,THR,99,CG2,4.8719587326049805
ATP,1,O2B,THR,99,OG1,3.0079362392425537
ATP,1,O2B,HIS,100,N,4.67353630065918
ATP,1,O2B,ASP,238,OD1,4.817399501800537
ATP,1,O2B,ASP,238,OD2,4.659966468811035
ATP,1,O2G,LYS,98,CE,4.7451653480529785
ATP,1,O2G,LYS,98,NZ,4.558354377746582
ATP,1,O2G,THR,99,CB,4.526161193847656
ATP,1,O2G,THR,99,OG1,3.4599783420562744
ATP,1,O2G,SER,208,C,4.7451300621032715
ATP,1,O2G,SER,208,O,4.771537780761719
ATP,1,O2G,SER,208,OG,4.581892967224121
ATP,1,O2G,SER,209,N,4.457574367523193
ATP,1,O2G,SER,209,CA,4.1809868812561035
ATP,1,O2G,SER,209,CB,4.539466381072998
ATP,1,O2G,ASP,238,OD2,4.98642110824585
ATP,1,N3,PRO,21,CG,4.778474807739258
ATP,1,N3,PRO,21,CD,4.3333306312561035
ATP,1,N3,HIS,100,CD2,4.869491100311279
ATP,1,N3,HIS,100,ND1,4.879299163818359
ATP,1,N3,HIS,100,CE1,4.6659722328186035
ATP,1,N3,HIS,100,NE2,4.653707027435303
ATP,1,O3A,THR,94,C,4.590304851531982
ATP,1,O3A,SER,95,N,3.389859914779663
ATP,1,O3A,SER,95,CA,3.074084758758545
ATP,1,O3A,SER,95,C,3.3253047466278076
ATP,1,O3A,SER,95,O,3.934898614883423
ATP,1,O3A,SER,95,CB,4.370014667510986
ATP,1,O3A,SER,95,OG,4.757672309875488
ATP,1,O3A,SER,96,N,3.5681543350219727
ATP,1,O3A,SER,96,CA,4.4740095138549805
ATP,1,O3A,SER,96,C,4.215829372406006
ATP,1,O3A,GLY,97,N,3.1395626068115234
ATP,1,O3A,GLY,97,CA,3.590111017227173
ATP,1,O3A,GLY,97,C,4.164661884307861
ATP,1,O3A,LYS,98,N,3.942075252532959
ATP,1,O3A,THR,99,N,4.723397731781006
ATP,1,O3B,GLN,93,O,4.54912805557251
ATP,1,O3B,THR,94,N,4.82580041885376
ATP,1,O3B,THR,94,CA,3.6565747261047363
ATP,1,O3B,THR,94,C,3.6038196086883545
ATP,1,O3B,THR,94,O,4.756755828857422
ATP,1,O3B,THR,94,CB,4.343810558319092
ATP,1,O3B,THR,94,CG2,3.938446521759033
ATP,1,O3B,THR,94,OG1,4.853308200836182
ATP,1,O3B,SER,95,N,2.6710948944091797
ATP,1,O3B,SER,95,CA,3.4232537746429443
ATP,1,O3B,SER,95,C,4.328557968139648
ATP,1,O3B,SER,95,CB,4.594099044799805
ATP,1,O3B,SER,95,OG,4.4823102951049805
ATP,1,O3B,SER,96,N,4.378378868103027
ATP,1,O3B,LYS,98,CE,4.874124050140381
ATP,1,O3B,LYS,98,NZ,4.05029821395874
ATP,1,O3B,THR,99,OG1,4.980849266052246
ATP,1,O3G,THR,94,CA,3.89585018157959
ATP,1,O3G,THR,94,C,4.409059524536133
ATP,1,O3G,THR,94,CB,3.6773569583892822
ATP,1,O3G,THR,94,CG2,2.814082384109497
ATP,1,O3G,THR,94,OG1,3.7729361057281494
ATP,1,O3G,SER,95,N,3.9074971675872803
ATP,1,O3G,SER,95,CA,4.949778079986572
ATP,1,O3G,SER,95,OG,4.908824443817139
ATP,1,O3G,SER,208,C,4.943205833435059
ATP,1,O3G,SER,208,OG,4.832240104675293
ATP,1,O3G,SER,209,N,4.01754093170166
ATP,1,O3G,SER,209,CA,3.443972587585449
ATP,1,O3G,SER,209,C,4.756333351135254
ATP,1,O3G,SER,209,CB,2.9115312099456787
ATP,1,O3G,SER,209,OG,4.139839172363281
ATP,1,C4,ARG,20,CB,4.295748233795166
ATP,1,C4,ARG,20,CD,4.536303997039795
ATP,1,C4,PRO,21,CD,4.5267839431762695
ATP,1,C4,HIS,100,CB,4.816817283630371
ATP,1,C4,HIS,100,CG,4.279695510864258
ATP,1,C4,HIS,100,CD2,4.212071895599365
ATP,1,C4,HIS,100,ND1,4.4914631843566895
ATP,1,C4,HIS,100,CE1,4.544523239135742
ATP,1,C4,HIS,100,NE2,4.383848667144775
ATP,1,C5,ARG,20,CA,4.386603355407715
ATP,1,C5,ARG,20,CB,3.469491720199585
ATP,1,C5,ARG,20,CG,4.556158542633057
ATP,1,C5,ARG,20,CD,4.347441673278809
ATP,1,C5,PRO,21,CD,4.1237077713012695
ATP,1,C5,GLY,97,CA,4.9204864501953125
ATP,1,C5,HIS,100,CB,4.513243675231934
ATP,1,C5,HIS,100,CG,3.947023868560791
ATP,1,C5,HIS,100,CD2,3.514341115951538
ATP,1,C5,HIS,100,ND1,4.492239475250244
ATP,1,C5,HIS,100,CE1,4.434321403503418
ATP,1,C5,HIS,100,NE2,3.873133659362793
ATP,1,C6,ARG,18,NH2,4.89983606338501
ATP,1,C6,ARG,20,CA,4.068134307861328
ATP,1,C6,ARG,20,C,4.846113204956055
ATP,1,C6,ARG,20,CB,3.6577212810516357
ATP,1,C6,PRO,21,N,4.521481037139893
ATP,1,C6,PRO,21,CG,4.38186502456665
ATP,1,C6,PRO,21,CD,3.395528554916382
ATP,1,C6,HIS,100,CG,4.481780052185059
ATP,1,C6,HIS,100,CD2,3.6563897132873535
ATP,1,C6,HIS,100,ND1,4.903629302978516
ATP,1,C6,HIS,100,CE1,4.445175647735596
ATP,1,C6,HIS,100,NE2,3.648460626602173
ATP,1,N6,ARG,18,CD,4.973854064941406
ATP,1,N6,ARG,18,NE,4.069503307342529
ATP,1,N6,ARG,18,CZ,4.135899543762207
ATP,1,N6,ARG,18,NH1,4.929715633392334
ATP,1,N6,ARG,18,NH2,3.9540514945983887
ATP,1,N6,PHE,19,C,4.9121599197387695
ATP,1,N6,PHE,19,O,4.419553756713867
ATP,1,N6,ARG,20,N,4.595487594604492
ATP,1,N6,ARG,20,CA,3.6877329349517822
ATP,1,N6,ARG,20,C,4.685141563415527
ATP,1,N6,ARG,20,CB,3.6351356506347656
ATP,1,N6,PRO,21,N,4.617796897888184
ATP,1,N6,PRO,21,CG,4.767880439758301
ATP,1,N6,PRO,21,CD,3.6674447059631348
ATP,1,N6,PRO,61,O,4.469764232635498
ATP,1,N6,HIS,100,CG,4.8352484703063965
ATP,1,N6,HIS,100,CD2,3.7405953407287598
ATP,1,N6,HIS,100,CE1,4.925347328186035
ATP,1,N6,HIS,100,NE2,3.842616081237793
ATP,1,N7,ARG,20,CA,4.525354385375977
ATP,1,N7,ARG,20,CB,3.3560397624969482
ATP,1,N7,ARG,20,CG,4.210918426513672
ATP,1,N7,ARG,20,CD,3.8689916133880615
ATP,1,N7,SER,96,C,4.712188720703125
ATP,1,N7,SER,96,O,4.403898239135742
ATP,1,N7,GLY,97,N,4.388010025024414
ATP,1,N7,GLY,97,CA,3.5764095783233643
ATP,1,N7,GLY,97,C,4.690896987915039
ATP,1,N7,GLY,97,O,4.703709125518799
ATP,1,N7,HIS,100,CB,3.901324987411499
ATP,1,N7,HIS,100,CG,3.783078670501709
ATP,1,N7,HIS,100,CD2,3.549895763397217
ATP,1,N7,HIS,100,ND1,4.65211820602417
ATP,1,N7,HIS,100,CE1,4.917702674865723
ATP,1,N7,HIS,100,NE2,4.345461368560791
ATP,1,C8,ARG,20,CB,4.086019515991211
ATP,1,C8,ARG,20,CG,4.551092147827148
ATP,1,C8,ARG,20,CD,3.7475552558898926
ATP,1,C8,ARG,20,NE,4.832729339599609
ATP,1,C8,SER,95,O,4.798338413238525
ATP,1,C8,SER,96,C,4.668045997619629
ATP,1,C8,SER,96,O,4.696913719177246
ATP,1,C8,GLY,97,N,4.155869960784912
ATP,1,C8,GLY,97,CA,3.531925678253174
ATP,1,C8,GLY,97,C,4.786703109741211
ATP,1,C8,HIS,100,CB,3.8468940258026123
ATP,1,C8,HIS,100,CG,4.007485866546631
ATP,1,C8,HIS,100,CD2,4.213425159454346
ATP,1,C8,HIS,100,ND1,4.730442047119141
ATP,1,N9,ARG,20,CB,4.598023891448975
ATP,1,N9,ARG,20,CD,4.180099010467529
ATP,1,N9,GLY,97,CA,4.854238033294678
ATP,1,N9,HIS,100,CB,4.445132255554199
ATP,1,N9,HIS,100,CG,4.318709373474121
ATP,1,N9,HIS,100,CD2,4.588167667388916
ATP,1,N9,HIS,100,ND1,4.656002998352051
